id,name,created_at,updated_at
1,Schroeder-Jerde,2012-03-27 14:53:59 UTC,2012-03-27 14:53:59 UTC
8,"Osinski, Pollich and Koelpin",2012-03-27 14:53:59 UTC,2012-03-27 14:53:59 UTC
10,"Bechtelar, Jones and Stokes",2012-03-27 14:54:00 UTC,2012-03-27 14:54:00 UTC
14,Dicki-Bednar,2012-03-27 14:54:00 UTC,2012-03-27 14:54:00 UTC
18,Koepp LLC,2012-03-27 14:54:00 UTC,2012-03-27 14:54:00 UTC
22,Thiel Inc,2012-03-27 14:54:01 UTC,2012-03-27 14:54:01 UTC
26,"Balistreri, Schaefer and Kshlerin",2012-03-27 14:54:01 UTC,2012-03-27 14:54:01 UTC
27,"Shields, Hirthe and Smith",2012-03-27 14:54:01 UTC,2012-03-27 14:54:01 UTC
28,"Schiller, Barrows and Parker",2012-03-27 14:54:01 UTC,2012-03-27 14:54:01 UTC
33,Quitzon and Sons,2012-03-27 14:54:02 UTC,2012-03-27 14:54:02 UTC
34,"Rutherford, Bogan and Leannon",2012-03-27 14:54:02 UTC,2012-03-27 14:54:02 UTC
38,"Johnston, Gleason and O'Keefe",2012-03-27 14:54:02 UTC,2012-03-27 14:54:02 UTC
41,Crona LLC,2012-03-27 14:54:03 UTC,2012-03-27 14:54:03 UTC
44,Gibson Group,2012-03-27 14:54:03 UTC,2012-03-27 14:54:03 UTC
53,"Rath, Gleason and Spencer",2012-03-27 14:54:04 UTC,2012-03-27 14:54:04 UTC
56,"Sporer, Christiansen and Connelly",2012-03-27 14:54:04 UTC,2012-03-27 14:54:04 UTC
62,"Kunze, Kautzer and Little",2012-03-27 14:54:05 UTC,2012-03-27 14:54:05 UTC
63,"Lehner, Padberg and O'Hara",2012-03-27 14:54:05 UTC,2012-03-27 14:54:05 UTC
75,Eichmann-Turcotte,2012-03-27 14:54:06 UTC,2012-03-27 14:54:06 UTC
76,"Kirlin, Jakubowski and Smitham",2012-03-27 14:54:07 UTC,2012-03-27 14:54:07 UTC
78,Heathcote-Hettinger,2012-03-27 14:54:07 UTC,2012-03-27 14:54:07 UTC
79,Pacocha-Mayer,2012-03-27 14:54:07 UTC,2012-03-27 14:54:07 UTC
83,"Gulgowski, Torphy and Lynch",2012-03-27 14:54:07 UTC,2012-03-27 14:54:07 UTC
84,Terry-Moore,2012-03-27 14:54:07 UTC,2012-03-27 14:54:07 UTC
86,Marvin Group,2012-03-27 14:54:07 UTC,2012-03-27 14:54:07 UTC
90,"Friesen, Hackett and Runte",2012-03-27 14:54:08 UTC,2012-03-27 14:54:08 UTC
91,"Weissnat, Hermiston and Beer",2012-03-27 14:54:08 UTC,2012-03-27 14:54:08 UTC
99,Fahey-Stiedemann,2012-03-27 14:54:09 UTC,2012-03-27 14:54:09 UTC